Comment,Designator,Footprint,LCSC
10pF,C1,Capacitor_SMD:C_0805_2012Metric,C113817
47uF/16V,C16,Capacitor_SMD:CP_Elec_5x5.4,C134798
22pF,C2,Capacitor_SMD:C_0805_2012Metric,C113818
47pF,C3,Capacitor_SMD:C_0805_2012Metric,C113821
10nF,"C30,C31,C32,C33,C34,C35",Capacitor_SMD:C_0805_2012Metric,C237168
100nF,"C15,C17,C42,C43,C44",Capacitor_SMD:C_0805_2012Metric,C28233
100pF,C4,Capacitor_SMD:C_0805_2012Metric,C107122
220pF,C5,Capacitor_SMD:C_0805_2012Metric,C113819
470pF,C6,Capacitor_SMD:C_0805_2012Metric,C277525
1000pF,C7,Capacitor_SMD:C_0805_2012Metric,C29925
470nF,"C8,C9,C10,C11,C12,C13,C14,C18,C19,C20,C21,C22,C23,C24,C25",Capacitor_SMD:C_0805_2012Metric,C13967
1N5711,"D1,D2",Diode_SMD:D_SOD-123,C154843
49.9/1W,"R1,R2",Resistor_SMD:R_1812_4532Metric,C422079
1k,R11,Resistor_SMD:R_0805_2012Metric,C17513
68k,"R3,R4",Resistor_SMD:R_0805_2012Metric,C17801
34k,"R5,R6",Resistor_SMD:R_0805_2012Metric,C228760
10k,"R7,R8,R9,R10",Resistor_SMD:R_0805_2012Metric,C17414
G6K-2F-Y,"RLY1,RLY2,RLY3,RLY4,RLY5,RLY6,RLY7,RLY8,RLY9,RLY10,RLY11,RLY12,RLY13,RLY14,RLY15",G6K_2F:G6K-2F_Cor,C47190
2N7002,"Q1,Q2,Q3,Q4,Q5,Q6,Q7,Q8,Q9,Q10,Q11,Q12,Q13,Q14,Q15",Mosfet_SMD:SOT-23-3,C8545